,title,image,link
0,The Homestead Strike,null,https://lawyersgunsmon.wpengine.com/2011/07/this-date-in-american-labor-history-july-6-1892
1,The Bisbee Deportation,http://lawyersgunsmon.wpengine.com/wp-content/uploads/2011/07/Bisbee_deportation_guns.jpg,https://lawyersgunsmon.wpengine.com/2011/07/this-date-in-labor-history-july-12-1917
2,The Great Railroad Strike,http://lawyersgunsmon.wpengine.com/wp-content/uploads/2011/07/uen_fea_grstrike_hrpr.jpg,https://lawyersgunsmon.wpengine.com/2011/07/this-day-in-labor-history-july-14-1877
3,The Stono Rebellion,http://lawyersgunsmon.wpengine.com/wp-content/uploads/2011/09/41647436_fffad5f448.jpg,https://lawyersgunsmon.wpengine.com/2011/09/this-day-in-labor-history-september-9-1739
4,The Pittston Strike,http://lawyersgunsmon.wpengine.com/wp-content/uploads/2011/09/1989_pittston_coal_strike_a_battle_for_workers_rig.jpg,https://lawyersgunsmon.wpengine.com/2011/09/this-day-in-labor-history-september-17-1989
5,Bacon’s Rebellion,http://lawyersgunsmon.wpengine.com/wp-content/uploads/2011/10/Jamestown_Burning_BAH.jpg,https://lawyersgunsmon.wpengine.com/2011/10/this-date-in-labor-history-october-26-1676
6,The Everett Massacre,http://lawyersgunsmon.wpengine.com/wp-content/uploads/2011/11/shingleweaver.jpg,https://lawyersgunsmon.wpengine.com/2011/11/this-day-in-labor-history-november-5-1916
7,Creation of the CIO,null,https://lawyersgunsmon.wpengine.com/2011/11/this-day-in-labor-history-november-9-1935
8,The Centralia Massacre,http://lawyersgunsmon.wpengine.com/wp-content/uploads/2011/11/goryhistory.jpg,https://lawyersgunsmon.wpengine.com/2011/11/this-day-in-labor-history-november-11-1919
9,"Uprising of the 20,000",http://lawyersgunsmon.wpengine.com/wp-content/uploads/2011/11/1122.1909_Triangle-Strikers.jpg,https://lawyersgunsmon.wpengine.com/2011/11/this-day-in-labor-history-november-22-1909
10,The Oakland General Strike,http://lawyersgunsmon.wpengine.com/wp-content/uploads/2011/11/page14_oakland_strike.jpg,https://lawyersgunsmon.wpengine.com/2011/12/this-day-in-labor-history-december-2-1946
11,Merger of the AFL and CIO,null,https://lawyersgunsmon.wpengine.com/2011/12/this-day-in-labor-history-december-5-1955
12,Founding of the Knights of Labor,http://lawyersgunsmon.wpengine.com/wp-content/uploads/2011/12/250px-Knights_of_labor_seal.gif,https://lawyersgunsmon.wpengine.com/2011/12/this-day-in-labor-history-december-28-1869
13,Murder of former Idaho Governor Frank Steunenberg,http://lawyersgunsmon.wpengine.com/wp-content/uploads/2011/12/Steunenberglg.jpg,https://lawyersgunsmon.wpengine.com/2011/12/this-day-in-labor-history-december-30-1905
14,NAFTA,null,https://lawyersgunsmon.wpengine.com/2012/01/this-day-in-labor-history-january-1-1994
15,Murder of UMWA reformer Jock Yablonski,http://lawyersgunsmon.wpengine.com/wp-content/uploads/2012/01/John-L.-Lewis.jpg,https://lawyersgunsmon.wpengine.com/2012/01/this-day-in-labor-history-january-5-1970
16,The Seattle General Strike,http://lawyersgunsmon.wpengine.com/wp-content/uploads/2012/02/Skinner_and_Eddy_shipyard_workers_1919_UWDigital.thumb_.jpg,https://lawyersgunsmon.wpengine.com/2012/02/this-day-in-labor-history-february-6-1919
17,The Flint Sit-Down Strike ends.,http://lawyersgunsmon.wpengine.com/wp-content/uploads/2012/02/Flint_Sit-Down_Strike_window.jpg,https://lawyersgunsmon.wpengine.com/2012/02/this-day-in-labor-history-february-11-1937
18,Beating of the women and children at Lawrence ,http://lawyersgunsmon.wpengine.com/wp-content/uploads/2012/02/300px-1912_Lawrence_Textile_Strike_1.jpg,https://lawyersgunsmon.wpengine.com/2012/02/this-day-in-labor-history-february-24-1912
19,Triangle Shirtwaist Fire,http://lawyersgunsmon.wpengine.com/wp-content/uploads/2012/03/max-blanck-and-thomas-harris-of-triangle-shirtwaist-company-a-closed-door-policy-killed-146-employees.jpg,https://lawyersgunsmon.wpengine.com/2012/03/this-day-in-labor-history-march-25-1911
20,Assassination of Martin Luther King during sanitation strike in Memphis,http://lawyersgunsmon.wpengine.com/wp-content/uploads/2012/04/i-am.jpg,https://lawyersgunsmon.wpengine.com/2012/04/this-day-in-labor-history-april-4-1968
21,Ludlow Massacre,http://lawyersgunsmon.wpengine.com/wp-content/uploads/2012/04/Ludlow-Family.jpg,https://lawyersgunsmon.wpengine.com/2012/04/this-day-in-labor-history-april-20-1914
22,Coxey’s Army,http://lawyersgunsmon.wpengine.com/wp-content/uploads/2012/04/300px-Coxey_commonweal_army_brightwood_leaving.jpg,https://lawyersgunsmon.wpengine.com/2012/04/this-day-in-labor-history-april-30-1894
23,Haymarket Riot,http://lawyersgunsmon.wpengine.com/wp-content/uploads/2012/05/Haymarket-Meeting-Poster.jpg,https://lawyersgunsmon.wpengine.com/2012/05/this-day-in-labor-history-may-4-1886
24,Longshoremen strike begins in San Francisco,http://lawyersgunsmon.wpengine.com/wp-content/uploads/2012/05/164.jpg,https://lawyersgunsmon.wpengine.com/2012/05/this-day-in-labor-history-may-9-1934
25,Minneapolis Teamsters Strike,http://lawyersgunsmon.wpengine.com/wp-content/uploads/2012/05/ibt.jpg,https://lawyersgunsmon.wpengine.com/2012/05/this-day-in-labor-history-may-16-1934
26,Matewan Massacre,http://lawyersgunsmon.wpengine.com/wp-content/uploads/2012/05/knowlandl3.jpg,https://lawyersgunsmon.wpengine.com/2012/05/this-day-in-labor-history-may-19-1920
27,Memorial Day Massacre in Chicago,null,https://lawyersgunsmon.wpengine.com/2012/05/this-day-in-labor-history-may-30-1937
28,Detroit Hate Strike,http://lawyersgunsmon.wpengine.com/wp-content/uploads/2012/06/Packard_Strike-1024x723.jpg,https://lawyersgunsmon.wpengine.com/2012/06/this-day-in-labor-history-june-6-1943
29,President Truman vetoes Taft-Hartley Act,null,https://lawyersgunsmon.wpengine.com/2012/06/this-day-in-labor-history-june-20-1947
30,Pullman Strike,http://lawyersgunsmon.wpengine.com/wp-content/uploads/2012/06/ihy9412081.jpg,https://lawyersgunsmon.wpengine.com/2012/06/this-day-in-labor-history-june-26-1894
31,Paterson Textile Strike of 1835,null,https://lawyersgunsmon.wpengine.com/2012/07/this-day-in-labor-history-july-3-1835
32,People’s Party Convention,http://lawyersgunsmon.wpengine.com/wp-content/uploads/2012/06/p02.jpg,https://lawyersgunsmon.wpengine.com/2012/07/this-day-in-labor-history-july-4-1892
33,"Miners outside of Coeur d’Alene, Idaho blow up the Frisco Mill",http://lawyersgunsmon.wpengine.com/wp-content/uploads/2012/07/Hydraulic_Mining_in_Idaho.jpg,https://lawyersgunsmon.wpengine.com/2012/07/this-day-in-labor-history-july-11-1892
34,United Farm Workers force growers into the first union contract in the history of California agricultural labor,http://lawyersgunsmon.wpengine.com/wp-content/uploads/2012/07/h97.1.910_edit.jpg,https://lawyersgunsmon.wpengine.com/2012/07/this-day-in-labor-history-july-29-1970
35,Air Traffic Controllers go on strike in biggest disaster in organized labor’s history.,null,https://lawyersgunsmon.wpengine.com/2012/08/this-day-in-labor-history-august-3-1981
36,Creation of the Bracero Program.,null,https://lawyersgunsmon.wpengine.com/2012/08/this-day-in-labor-history-august-4-1942
37,Nat Turner’s Rebellion.,http://lawyersgunsmon.wpengine.com/wp-content/uploads/2012/08/nat-t1.gif,https://lawyersgunsmon.wpengine.com/2012/08/this-day-in-labor-history-august-21-1831
38,Execution of Sacco and Vanzetti,http://lawyersgunsmon.wpengine.com/wp-content/uploads/2012/08/USAsacco2.jpg,https://lawyersgunsmon.wpengine.com/2012/08/this-day-in-labor-history-august-23-1927
39,Founding of the Brotherhood of Sleeping Car Porters,null,https://lawyersgunsmon.wpengine.com/2012/08/this-day-in-labor-history-august-25-1925
40,Rock Springs Massacre,http://lawyersgunsmon.wpengine.com/wp-content/uploads/2012/09/Rock-Springs.jpg,https://lawyersgunsmon.wpengine.com/2012/09/this-day-in-labor-history-september-2-1885
41,"Tobacco workers win contract in North Carolina, starting CIO’s Operation Dixie campaign. ",null,https://lawyersgunsmon.wpengine.com/2012/09/this-day-in-labor-history-september-22-1946
42,International Woodworkers of America Local 3-101 holds a monthly union meeting,null,https://lawyersgunsmon.wpengine.com/2012/10/this-day-in-labor-history-october-23-1976
43,Joe Hill executed in Utah,http://lawyersgunsmon.wpengine.com/wp-content/uploads/2012/11/joe-hill.jpg,https://lawyersgunsmon.wpengine.com/2012/11/this-day-in-labor-history-november-19-1915
44,Thibodaux Massacre,http://lawyersgunsmon.wpengine.com/wp-content/uploads/2012/11/7c7b506daa8ffed8efe7cabeaca86c43_1M.jpg,https://lawyersgunsmon.wpengine.com/2012/11/this-day-in-labor-history-november-22-1887
45,Ratification of the 13th Amendment. ,http://lawyersgunsmon.wpengine.com/wp-content/uploads/2012/12/freed_slaves.jpg,https://lawyersgunsmon.wpengine.com/2012/12/this-day-in-labor-history-december-6-1865
46,Creation of the Colored Farmers Alliance,http://lawyersgunsmon.wpengine.com/wp-content/uploads/2012/12/Cotton.jpg,https://lawyersgunsmon.wpengine.com/2012/12/this-day-in-labor-history-december-11-1886
47,"President Kennedy issues Executive Order 10988, authorizing collective bargaining for public workers",null,https://lawyersgunsmon.wpengine.com/2013/01/this-day-in-labor-history-january-17-1962
48,March on Washington Movement leads to end of official segregation in defense industry. ,http://lawyersgunsmon.wpengine.com/wp-content/uploads/2013/01/220px-A.-Phillip-Randolph.png,https://lawyersgunsmon.wpengine.com/2013/01/this-day-in-labor-history-january-25-1941
49,Cripple Creek gold miners strike,http://lawyersgunsmon.wpengine.com/wp-content/uploads/2013/02/20120207_cripplecreek2.jpg,https://lawyersgunsmon.wpengine.com/2013/02/this-day-in-labor-history-february-7-1894
50,Grover Cleveland signs the Dawes Act.,http://lawyersgunsmon.wpengine.com/wp-content/uploads/2013/02/019.jpg,https://lawyersgunsmon.wpengine.com/2013/02/this-day-in-labor-history-february-8-1887-2
51,Sons of Vulcan win nation’s first union contract,null,https://lawyersgunsmon.wpengine.com/2013/02/this-day-in-labor-history-february-13-1865
52,Supreme Court rules in Oncale v. Sundonwer Offshore Services. Same-sex sexual harassment. ,null,https://lawyersgunsmon.wpengine.com/2013/03/this-day-in-labor-history-march-4-1998
53,River Rouge march and repression. ,null,https://lawyersgunsmon.wpengine.com/2013/03/this-day-in-labor-history-march-7-1932
54,Coalition of Labor Union Women holds first meeting.,null,https://lawyersgunsmon.wpengine.com/2013/03/this-day-in-labor-history-march-23-1974
55,Truman nationalizes steel industry.,http://lawyersgunsmon.wpengine.com/wp-content/uploads/2013/04/truman_steel.jpg,https://lawyersgunsmon.wpengine.com/2013/04/this-day-in-labor-history-april-8-1952
56,OSHA begins,null,https://lawyersgunsmon.wpengine.com/2013/04/this-day-in-labor-history-april-28-1971
57,Wisconsin passes first workers compensation law,http://lawyersgunsmon.wpengine.com/wp-content/uploads/2013/05/i003.jpg,https://lawyersgunsmon.wpengine.com/2013/05/this-day-in-labor-history-may-3-1911
58,Chinese Exclusion Act,http://lawyersgunsmon.wpengine.com/wp-content/uploads/2013/05/exclusion.jpg,https://lawyersgunsmon.wpengine.com/2013/05/this-day-in-labor-history-may-6-1882
59,Kader Toy Fire. ,http://lawyersgunsmon.wpengine.com/wp-content/uploads/2013/05/Kader-Toy-Fire-bodies.jpg,https://lawyersgunsmon.wpengine.com/2013/05/this-day-in-labor-history-may-10-1993
60,"Anthracite coal miners strike in Pennsylvania begins, TR mediates",http://lawyersgunsmon.wpengine.com/wp-content/uploads/2013/05/300px-Coal_miners_in_Hazleton_PA_1900.jpg,https://lawyersgunsmon.wpengine.com/2013/05/this-day-in-labor-history-may-12-1902
61,Battle of the Overpass.,http://lawyersgunsmon.wpengine.com/wp-content/uploads/2013/05/henryford.png,https://lawyersgunsmon.wpengine.com/2013/05/this-day-in-labor-history-may-26-1937
62,Paterson Silk Pageant,http://lawyersgunsmon.wpengine.com/wp-content/uploads/2013/06/flynn-speaking-in-paterson-1913.jpg,https://lawyersgunsmon.wpengine.com/2013/06/this-day-in-labor-history-june-7-1913
63,here,null,https://lawyersgunsmon.wpengine.com/2013/06/paterson-strike-addendum
64,Davis Day,null,https://lawyersgunsmon.wpengine.com/2013/06/this-day-in-labor-history-june-11-1925
65,Eugene Debs arrested for violating Espionage Act. ,http://lawyersgunsmon.wpengine.com/wp-content/uploads/2013/06/F15.gif,https://lawyersgunsmon.wpengine.com/2013/06/this-day-in-labor-history-june-16-1918
66,Molly Maguires executed in Pennsylvania,http://lawyersgunsmon.wpengine.com/wp-content/uploads/2013/06/photo6-e1371745804503.jpg,https://lawyersgunsmon.wpengine.com/2013/06/this-day-in-labor-history-june-21-1877
67,Denmark Vesey executed for planning slave revolt in South Carolina.,null,https://lawyersgunsmon.wpengine.com/2013/07/this-day-in-labor-history-july-2-1822
68,Port Chicago explosion,null,https://lawyersgunsmon.wpengine.com/2013/07/this-day-in-labor-history-july-17-1944
69,Frank Little lynched in Butte. ,http://lawyersgunsmon.wpengine.com/wp-content/uploads/2013/07/Frank-little-d-1917.jpg,https://lawyersgunsmon.wpengine.com/2013/08/this-day-in-labor-history-august-1-1917
70,Wheatland Riot,null,https://lawyersgunsmon.wpengine.com/2013/08/this-day-in-labor-history-august-3-1913
71,invention of electric washing machine transforms women’s unpaid domestic labor. ,null,https://lawyersgunsmon.wpengine.com/2013/08/this-day-in-labor-history-august-9-1910
72,FDR signs Social Security Act. ,http://lawyersgunsmon.wpengine.com/wp-content/uploads/2013/08/image.jpg,https://lawyersgunsmon.wpengine.com/2013/08/this-day-in-labor-history-august-14-1935
73,"Air Line Stewardesses Association, first flight attendant union, forms. ",http://lawyersgunsmon.wpengine.com/wp-content/uploads/2013/08/index.jpg,https://lawyersgunsmon.wpengine.com/2013/08/this-day-in-labor-history-august-22-1945
74,Battle of Blair Mountain,http://lawyersgunsmon.wpengine.com/wp-content/uploads/2013/08/bunker.jpg,https://lawyersgunsmon.wpengine.com/2013/08/this-day-in-labor-history-august-25-1921
75,"Boston police go on strike, crushed by Massachusetts governor Calvin Coolidge.",http://lawyersgunsmon.wpengine.com/wp-content/uploads/2013/09/7498.preview.jpg,https://lawyersgunsmon.wpengine.com/2013/09/this-day-in-labor-history-september-9-1919
76,Lattimer Massacre,http://lawyersgunsmon.wpengine.com/wp-content/uploads/2013/09/lattimer.jpg,https://lawyersgunsmon.wpengine.com/2013/09/this-day-in-labor-history-september-10-1897
77,Iron Workers bomb Los Angeles Times building. ,http://lawyersgunsmon.wpengine.com/wp-content/uploads/2013/10/photo4.jpeg,https://lawyersgunsmon.wpengine.com/2013/10/this-day-in-labor-history-october-1-1910
78,"Closing of Storyville, New Orleans’ red light district. ",http://lawyersgunsmon.wpengine.com/wp-content/uploads/2013/10/451px-1787-prostitutes-caricature.jpg,https://lawyersgunsmon.wpengine.com/2013/10/this-day-in-labor-history-october-10-1917
79,"John Brown launches attack on federal arsenal at Harpers Ferry, Virginia in order to gather guns to free slave labor.",http://lawyersgunsmon.wpengine.com/wp-content/uploads/2013/10/index-php.jpeg,https://lawyersgunsmon.wpengine.com/2013/10/this-day-in-labor-history-october-16-1859
80,Erie Canal opens after over 1000 workers die building it. ,http://lawyersgunsmon.wpengine.com/wp-content/uploads/2013/10/Excavation-Lockport.jpg,https://lawyersgunsmon.wpengine.com/2013/10/this-day-in-labor-history-october-26-1825
81,"Nicholas Farwell’s hand is crushed working on railroad, courts decide in Farwell v. Boston and Worcester Rail Road Corporation that companies have no responsibility for working conditions.",null,https://lawyersgunsmon.wpengine.com/2013/10/this-day-in-labor-history-october-30-1837
82,Cherry Mine Fire in Illinois kills 259 workers. ,null,https://lawyersgunsmon.wpengine.com/2013/11/this-day-in-labor-history-november-13-1909
83,WTO protests begin in Seattle.,null,https://lawyersgunsmon.wpengine.com/2013/11/this-day-in-labor-history-november-30-1999
84,American Federation of Labor founded in Columbus,http://lawyersgunsmon.wpengine.com/wp-content/uploads/2013/12/220px-Samuel_Gompers_cph.3a02952.jpg,https://lawyersgunsmon.wpengine.com/2013/12/this-day-in-labor-history-december-8-1886
85,Curt Flood sends letter to Major League Baseball demanding free agency.,http://lawyersgunsmon.wpengine.com/wp-content/uploads/2013/12/barra_flood.jpg,https://lawyersgunsmon.wpengine.com/2013/12/this-day-in-labor-history-december-24-1969
86,Federal Coal Mine Health and Safety Act signed.,http://lawyersgunsmon.wpengine.com/wp-content/uploads/2013/12/Farmington-Mine-Disaster-smoke.jpg,https://lawyersgunsmon.wpengine.com/2013/12/this-day-in-labor-history-december-30-1969
87,Ellis Island opens. ,http://lawyersgunsmon.wpengine.com/wp-content/uploads/2014/01/583px-Ellis_Island_arrivals.jpg,https://lawyersgunsmon.wpengine.com/2014/01/this-day-in-labor-history-january-1-1892
88,German Coast slave rebellion begins in Louisiana. ,null,https://lawyersgunsmon.wpengine.com/2014/01/this-day-in-labor-history-january-8-1811
89,Tompkins Square Riot.,http://lawyersgunsmon.wpengine.com/wp-content/uploads/2014/01/mp105.jpg,https://lawyersgunsmon.wpengine.com/2014/01/this-day-in-labor-history-january-13-1874
90,Publication of Looking Backward.,http://lawyersgunsmon.wpengine.com/wp-content/uploads/2014/01/LookingBackward.jpg,https://lawyersgunsmon.wpengine.com/2014/01/this-day-in-labor-history-january-14-1888
91,Ralph Chaplin writes “Solidarity Forever.”,http://lawyersgunsmon.wpengine.com/wp-content/uploads/2014/01/Chaplin-ralph.jpg,https://lawyersgunsmon.wpengine.com/2014/01/this-day-in-labor-history-january-15-1915
92,Lowell Female Labor Reform Association organizes and forces Massachusetts to investigate conditions in the Lowell textile mills.,http://lawyersgunsmon.wpengine.com/wp-content/uploads/2014/02/9843500.jpg,https://lawyersgunsmon.wpengine.com/2014/02/this-day-in-labor-history-february-13-1845
93,"Theodore Roosevelt and Japanese government agree to Gentlemen’s Agreement, ends most Japanese immigration to the U.S. after west coast labor protests",http://lawyersgunsmon.wpengine.com/wp-content/uploads/2014/02/Wintersburg-Nikkei-farmers-CSU-Fullerton.jpg,https://lawyersgunsmon.wpengine.com/2014/02/this-day-in-labor-history-february-15-1907
94,"Pittston Coal Company slurry dam collapses in Logan County, West Virginia, 125 dead.",null,https://lawyersgunsmon.wpengine.com/2014/02/this-day-in-labor-history-february-26-1972
95,Davis-Bacon Act signed. ,http://lawyersgunsmon.wpengine.com/wp-content/uploads/2014/02/800px-Bacon_Davis.jpg,https://lawyersgunsmon.wpengine.com/2014/03/this-day-in-labor-history-march-3-1931
96,LaFollette Seamen’s Act signed,http://lawyersgunsmon.wpengine.com/wp-content/uploads/2014/03/Furuseth-La_Follette-Steffens-1915.jpeg,https://lawyersgunsmon.wpengine.com/2014/03/this-day-in-labor-history-march-4-1915
97,Lordstown Strike,http://lawyersgunsmon.wpengine.com/wp-content/uploads/2014/03/30606.preview.jpg,https://lawyersgunsmon.wpengine.com/2014/03/this-day-in-labor-history-march-5-1972
98,Salt of the Earth premiers,null,https://lawyersgunsmon.wpengine.com/2014/03/this-day-in-labor-history-march-14-1954
99,Postal Workers go on strike,http://lawyersgunsmon.wpengine.com/wp-content/uploads/2014/03/US_Postal_Strike_1970.jpg,https://lawyersgunsmon.wpengine.com/2014/03/this-day-in-labor-history-march-18-1970
100,"Founding of Republican Party, free labor ideology",null,https://lawyersgunsmon.wpengine.com/2014/03/this-day-in-labor-history-march-20-1854
101,"Police tear gas strikers at Hormel plant in Austin, Minnesota",http://lawyersgunsmon.wpengine.com/wp-content/uploads/2014/04/20100803_s10_33.jpg,https://lawyersgunsmon.wpengine.com/2014/04/this-day-in-labor-history-april-11-1986
102,Toledo Auto-Lite strike begins.,http://lawyersgunsmon.wpengine.com/wp-content/uploads/2014/04/530f63db937fd.jpg,https://lawyersgunsmon.wpengine.com/2014/04/day-labor-history-april-12-1934
103,Bunker Hill Mining Company in Idaho announces policy of sterilization for women working in its lead smelter,null,https://lawyersgunsmon.wpengine.com/2014/04/day-labor-history-april-14-1975
104,Works Progress Administration created.,http://lawyersgunsmon.wpengine.com/wp-content/uploads/2014/05/WPA_Main_Image1.jpg,https://lawyersgunsmon.wpengine.com/2014/05/day-labor-history-may-6-1935
105,Hard Hat Riot,http://lawyersgunsmon.wpengine.com/wp-content/uploads/2014/05/hardhat.jpg,https://lawyersgunsmon.wpengine.com/2014/05/day-labor-history-may-8-1970
106,"Completion of Transcontinental Railroad, treatment of Chinese workers",http://lawyersgunsmon.wpengine.com/wp-content/uploads/2014/05/railroad_laborers_news.jpg,https://lawyersgunsmon.wpengine.com/2014/05/day-labor-history-may-10-1869
107,Coolidge signs Immigration Act of 1924,null,https://lawyersgunsmon.wpengine.com/2014/05/day-labor-history-may-26-1924
108,Normal Rockwell publishes Rosie the Riveter cover in Saturday Evening Post,http://lawyersgunsmon.wpengine.com/wp-content/uploads/2014/05/RosieTheRiveter.jpg,https://lawyersgunsmon.wpengine.com/2014/05/day-labor-history-may-29-1943
109,"Celia, a slave, kills her master when he attempts to rape her",null,https://lawyersgunsmon.wpengine.com/2014/06/day-labor-history-june-23-1855
110,FDR signs Fair Labor Standards Act,null,https://lawyersgunsmon.wpengine.com/2014/06/day-labor-history-june-25-1938
111,IWW founded ,null,https://lawyersgunsmon.wpengine.com/2014/06/day-labor-history-june-27-1905
112,"Phelps-Dodge strike starts in Clifton-Morenci, Arizona, massive union-busting by copper company",http://lawyersgunsmon.wpengine.com/wp-content/uploads/2014/06/copper_strike_morenci_clifford_arizona_2_-596x361.jpg,https://lawyersgunsmon.wpengine.com/2014/06/day-labor-history-june-30-1983
113,FDR signs National Labor Relations Act,null,https://lawyersgunsmon.wpengine.com/2014/07/day-labor-history-july-5-1935
114,"Southern Tenant Farmers Union forms in Tyronza, Arkansas",http://lawyersgunsmon.wpengine.com/wp-content/uploads/2014/07/tenant_farmers2_f.jpg,https://lawyersgunsmon.wpengine.com/2014/07/day-labor-history-july-11-1934
115,Watertown Arsenal workers strike over Taylorism,null,https://lawyersgunsmon.wpengine.com/2014/08/day-labor-history-august-11-1911
116,United States Commission on Industrial Relations formed,null,https://lawyersgunsmon.wpengine.com/2014/08/day-labor-history-august-23-1912
117,Eisenhower signs Landrum-Griffin Act,null,https://lawyersgunsmon.wpengine.com/2014/09/day-labor-history-september-14-1959
118,Lincoln issues Emancipation Proclamation,http://lawyersgunsmon.wpengine.com/wp-content/uploads/2014/09/14disunion-img-blog427.jpg,https://lawyersgunsmon.wpengine.com/2014/09/day-labor-history-september-22-1862
119,Richard Nixon announces Philadelphia Plan to desegregate construction industry,null,https://lawyersgunsmon.wpengine.com/2014/09/day-labor-history-september-23-1969
120,Henry George accepts United Labor Party nomination for mayor of New York,http://lawyersgunsmon.wpengine.com/wp-content/uploads/2014/10/cartoon_george-henry_fighting-corruption-1886.jpg,https://lawyersgunsmon.wpengine.com/2014/10/day-labor-history-october-5-1886
121,John L. Lewis punches Carpenters president Big Bill Hutcheson on the floor of the AFL Convention.,http://lawyersgunsmon.wpengine.com/wp-content/uploads/2014/10/90578069_134663906656.jpg,https://lawyersgunsmon.wpengine.com/2014/10/day-labor-history-october-19-1935
122,Donora Fog,http://lawyersgunsmon.wpengine.com/wp-content/uploads/2014/10/DonoraSmokeStacks.jpg,https://lawyersgunsmon.wpengine.com/2014/10/day-labor-history-october-27-1948
123,Invention of cotton gin. ,http://lawyersgunsmon.wpengine.com/wp-content/uploads/2014/10/49824_cotton_gin_lg.gif,https://lawyersgunsmon.wpengine.com/2014/10/day-labor-history-october-28-1793
124,Spokane free speech fight begins.,http://lawyersgunsmon.wpengine.com/wp-content/uploads/2014/11/anit-IWW-cartoon-from-Spokane-Spokesman-Review-1909.jpg,https://lawyersgunsmon.wpengine.com/2014/11/day-labor-history
125,Mississippi institutes its Black Code,null,https://lawyersgunsmon.wpengine.com/2014/11/day-labor-history-november-25-1865
126,"Union Carbide plant leak at Bhopal, India",null,https://lawyersgunsmon.wpengine.com/2014/12/64606
127,Alabama repeals child labor law to attract New England textile factories.,http://lawyersgunsmon.wpengine.com/wp-content/uploads/2014/12/030-ss-11-mfrede_lg.jpg,https://lawyersgunsmon.wpengine.com/2014/12/day-labor-history-december-5-1894
128,"Italian Hall disaster in Calumet, Michigan",http://lawyersgunsmon.wpengine.com/wp-content/uploads/2014/12/copper_strike_picketline.jpg,https://lawyersgunsmon.wpengine.com/2014/12/day-labor-history-december-24-1913
129,Henry Ford announces $5 day for workers who lived a lifestyle of which he personally approved,http://lawyersgunsmon.wpengine.com/wp-content/uploads/2015/01/image-20090518141200.bmp,https://lawyersgunsmon.wpengine.com/2015/01/day-labor-history-january-5-1914
130,End of the International Nestle Boycott,http://lawyersgunsmon.wpengine.com/wp-content/uploads/2015/01/Untitled.png,https://lawyersgunsmon.wpengine.com/2015/01/day-labor-history-january-25-1984
131,"Treaty of Guadalupe Hidalgo signed, fate of New Mexican land grant labor",null,https://lawyersgunsmon.wpengine.com/2015/02/day-labor-history-february-2-1848
132,"Kate Mullaney and Collar Laundry Union go on strike in Troy, New York",http://lawyersgunsmon.wpengine.com/wp-content/uploads/2015/02/Kate-Mullany-House-dedication.gif,https://lawyersgunsmon.wpengine.com/2015/02/day-labor-history-february-23-1864
133,Muller v. Oregon decided,http://lawyersgunsmon.wpengine.com/wp-content/uploads/2015/02/Muller-v.-Oregon.jpg,https://lawyersgunsmon.wpengine.com/2015/02/day-labor-history-february-24-1908
134,Hoover Dam turned over to government. Labor history of its construction. ,http://lawyersgunsmon.wpengine.com/wp-content/uploads/2015/03/Wash-No-2244.jpg,https://lawyersgunsmon.wpengine.com/2015/03/day-labor-history-march-1-1936
135,Knights of Labor begin Great Southwestern Strike against Jay Gould’s railroads,http://lawyersgunsmon.wpengine.com/wp-content/uploads/2015/03/3c04428v-820x1024.jpg,https://lawyersgunsmon.wpengine.com/2015/03/day-labor-history-march-6-1886
136,New York Times first reports Radium Girls story. ,http://lawyersgunsmon.wpengine.com/wp-content/uploads/2015/03/watch.jpeg,https://lawyersgunsmon.wpengine.com/2015/03/day-labor-history-march-10-1925
137,Paris Commune begins,http://lawyersgunsmon.wpengine.com/wp-content/uploads/2015/03/guerin4.jpg,https://lawyersgunsmon.wpengine.com/2015/03/this-day-in-labor-history-march-18-1871
138,Mother Jones arrested supporting Colorado coal strike.,http://lawyersgunsmon.wpengine.com/wp-content/uploads/2015/03/mother-jones-3.jpg,https://lawyersgunsmon.wpengine.com/2015/03/this-day-in-labor-history-march-23-1914
139,"Mine explosion in Centralia, IL kills 111 workers.",http://lawyersgunsmon.wpengine.com/wp-content/uploads/2015/03/4f6ca89c7776f.preview-620.jpg,https://lawyersgunsmon.wpengine.com/2015/03/this-day-in-labor-history-march-25-1947
140,"AFSCME goes on strike in Atlanta, crushed by mayor Maynard Jackson",http://lawyersgunsmon.wpengine.com/wp-content/uploads/2015/03/get_item_viewer_image.php_.jpeg,https://lawyersgunsmon.wpengine.com/2015/03/this-day-in-labor-history-march-28-1977
141,Workers Rights Consortium founded in New York,http://lawyersgunsmon.wpengine.com/wp-content/uploads/2015/04/sweatshop.jpg,https://lawyersgunsmon.wpengine.com/2015/04/this-day-in-labor-history-april-7-2000
142,Supreme Court decided Lochner v. New York,http://lawyersgunsmon.wpengine.com/wp-content/uploads/2015/04/lochner.jpg,https://lawyersgunsmon.wpengine.com/2015/04/this-day-in-labor-history-april-17-1905
143,Franklin Delano Roosevelt creates Tennessee Valley Authority,http://lawyersgunsmon.wpengine.com/wp-content/uploads/2015/05/A_group_of_several_hundred_workers_at_Norris_Dam_construction_camp_site_during_noon_hour._-_NARA_-_532734.jpg,https://lawyersgunsmon.wpengine.com/2015/05/this-day-in-labor-history-may-18-1933
144,Poor Person’s March starts its camp construction in Washington DC.,http://lawyersgunsmon.wpengine.com/wp-content/uploads/2015/05/Poor_Peoples_March_at_Lafayette_Park_ppmsca.04302.jpg,https://lawyersgunsmon.wpengine.com/2015/05/this-day-in-labor-history-may-21-1968
145,"Cananea Strike in Mexico, prelude to Mexican Revolution",http://lawyersgunsmon.wpengine.com/wp-content/uploads/2015/06/Ricardo_and_Enrique_Flores_Magon.jpg,https://lawyersgunsmon.wpengine.com/2015/06/this-day-in-labor-history-june-1-1906
146,Los Angeles police beat SEIU members in Justice for Janitors march,http://lawyersgunsmon.wpengine.com/wp-content/uploads/2015/06/JusticeforJanitors_crowdsm.jpg,https://lawyersgunsmon.wpengine.com/2015/06/this-day-in-labor-history-june-15-1990
147,CIA-led Guatemalan coup against Jacobo Arbenz begins with AFL support ,http://lawyersgunsmon.wpengine.com/wp-content/uploads/2015/06/002.jpg,https://lawyersgunsmon.wpengine.com/2015/06/this-day-in-labor-history-june-18-1954
148,Herrin Massacre,http://lawyersgunsmon.wpengine.com/wp-content/uploads/2015/06/Prominent-in-Herrin-Massacre-Trial.jpeg,https://lawyersgunsmon.wpengine.com/2015/06/this-day-in-labor-history-june-19-1937
149,"Supreme Court decides Industrial Union Department AFL-CIO v. American Petroleum Institute, limiting OSHA workplace health program ",http://lawyersgunsmon.wpengine.com/wp-content/uploads/2015/07/hazard.jpg,https://lawyersgunsmon.wpengine.com/2015/07/this-day-in-labor-history-july-2-1980
150,International Labor Organization passes Freedom of Association Convention. U.S. never ratifies it.,http://lawyersgunsmon.wpengine.com/wp-content/uploads/2015/07/ilo-logo.jpg,https://lawyersgunsmon.wpengine.com/2015/07/this-day-in-labor-history-july-9-1948
151,Steelworkers Strike of 1959 begins,http://lawyersgunsmon.wpengine.com/wp-content/uploads/2015/07/03.jpg,https://lawyersgunsmon.wpengine.com/2015/07/this-day-in-labor-history-july-15-1959
152,AFL-CIO refuses to endorse George McGovern for president,http://lawyersgunsmon.wpengine.com/wp-content/uploads/2015/07/george-meany-4.jpg,https://lawyersgunsmon.wpengine.com/2015/07/this-day-in-labor-history-july-19-1972
153,President Carter declares Love Canal a federal emergency,http://lawyersgunsmon.wpengine.com/wp-content/uploads/2015/08/index4.jpg,https://lawyersgunsmon.wpengine.com/2015/08/this-day-in-labor-history-august-7-1978
154,"Panama Canal opens, story of its workers",http://lawyersgunsmon.wpengine.com/wp-content/uploads/2015/08/The_Panama_Canal_-_The_Great_Culebra_Cut.jpg,https://lawyersgunsmon.wpengine.com/2015/08/this-day-in-labor-history-august-15-1914
155,National Labor Union demands Congress implement the 8-hour day,http://lawyersgunsmon.wpengine.com/wp-content/uploads/2015/08/Sylvis-William.jpg,https://lawyersgunsmon.wpengine.com/2015/08/this-day-in-labor-history-august-20-1866
156,The March on Washington for Jobs and Freedom,http://lawyersgunsmon.wpengine.com/wp-content/uploads/2015/08/March_on_Washington_for_Jobs_and_Freedom_Martin_Luther_King_Jr._and_Joachim_Prinz_1963.jpg,https://lawyersgunsmon.wpengine.com/2015/08/this-day-in-labor-history-august-28-1963
157,"Christiana Riot, runaway slaves resisting Fugitive Slave Act",http://lawyersgunsmon.wpengine.com/wp-content/uploads/2015/09/christianariot.jpg,https://lawyersgunsmon.wpengine.com/2015/09/this-day-in-labor-history-september-11-1851
158,Black Monday in Youngstown,http://lawyersgunsmon.wpengine.com/wp-content/uploads/2015/09/Republic_Steel_Corporation_Interior.jpg,https://lawyersgunsmon.wpengine.com/2015/09/this-day-in-labor-history-september-19-1977
159,"Comanche defeated at Palo Duro Canyon, end of a work history",http://lawyersgunsmon.wpengine.com/wp-content/uploads/2015/09/Comanche_Indians_Chasing_Buffalo_with_Lances_and_Bows.jpg,https://lawyersgunsmon.wpengine.com/2015/09/this-day-in-labor-history-september-28-1874
160,George H.W. Bush signs Radiation Exposure Compensation Act,http://lawyersgunsmon.wpengine.com/wp-content/uploads/2015/10/MinersCart.jpg,https://lawyersgunsmon.wpengine.com/2015/10/this-day-in-labor-history-october-15-1990
161,Newark sweatshop fire kills 25 workers,http://lawyersgunsmon.wpengine.com/wp-content/uploads/2015/11/newark.jpg,https://lawyersgunsmon.wpengine.com/2015/11/this-day-in-labor-history-november-26-1910
162,"AFL endorses federal unemployment insurance, turning its back on history of voluntarism",http://lawyersgunsmon.wpengine.com/wp-content/uploads/2015/11/ID77794_depression.gif,https://lawyersgunsmon.wpengine.com/2015/11/this-day-in-labor-history-november-30-1932
163,"Theodore Roosevelt sends U.S. Army to crush IWW strike in Goldfield, Nevada.",http://lawyersgunsmon.wpengine.com/wp-content/uploads/2015/12/iww51.jpg,https://lawyersgunsmon.wpengine.com/2015/12/this-day-in-labor-history-december-4-1907
164,"Moses Brown hires Samuel Slater to build a modern textile mill in Pawtucket, Rhode Island, beginning the United States’ Industrial Revolution. ",http://lawyersgunsmon.wpengine.com/wp-content/uploads/2015/12/21ILL2BL.jpg,https://lawyersgunsmon.wpengine.com/2015/12/this-day-in-labor-history-december-10-1789
165,Assassination of Brazil rubber tapper union leader and environmentalist Chico Mendes ,http://lawyersgunsmon.wpengine.com/wp-content/uploads/2015/12/index3.jpg,https://lawyersgunsmon.wpengine.com/2015/12/this-day-in-labor-history-december-22-1988
166,Skylab astronauts go on one-day strike,http://lawyersgunsmon.wpengine.com/wp-content/uploads/2015/12/12660.truelife-p48-49-4.jpg,https://lawyersgunsmon.wpengine.com/2015/12/this-day-in-labor-history-december-28-1972
167,"Lettuce workers go on strike in Imperial Valley, starts era of farmworker organizing",http://lawyersgunsmon.wpengine.com/wp-content/uploads/2016/01/strike_enlarge-300x225.jpg,https://lawyersgunsmon.wpengine.com/2016/01/this-day-in-labor-history-january-16-1961
168,Pinkertons kill 14 year old boy at Jersey City coal wharves’ strike,http://lawyersgunsmon.wpengine.com/wp-content/uploads/2016/01/list-pinkerton-private-eye.jpg,https://lawyersgunsmon.wpengine.com/2016/01/this-day-in-labor-history-january-18-1887
169,"OCAW strike against Shell, assisted by environmental groups",http://lawyersgunsmon.wpengine.com/wp-content/uploads/2016/01/ocawlogo.jpg,https://lawyersgunsmon.wpengine.com/2016/01/this-day-in-labor-history-january-23-1973
170,"Gold discovered in California, idea of white labor in the West",http://lawyersgunsmon.wpengine.com/wp-content/uploads/2016/01/california_gold_diggers.jpg,https://lawyersgunsmon.wpengine.com/2016/01/this-day-in-labor-history-january-24-1848
171,Yale graduate students go on strike,http://lawyersgunsmon.wpengine.com/wp-content/uploads/2016/02/37df6e4d41ec9073e60b607dde4b266e.jpg,https://lawyersgunsmon.wpengine.com/2016/02/this-day-in-labor-history-february-17-1992
172,FDR nominates Frances Perkins to be Secretary of Labor,http://lawyersgunsmon.wpengine.com/wp-content/uploads/2016/03/Frances_Perkins_cph.3a04983.jpg,https://lawyersgunsmon.wpengine.com/2016/03/this-day-in-labor-history-march-4-1933
173,Film adaptation of The Grapes of Wrath released,http://lawyersgunsmon.wpengine.com/wp-content/uploads/2016/03/grapes-of-wrath.jpg,https://lawyersgunsmon.wpengine.com/2016/03/this-day-in-labor-history-march-15-1940
174,"Hawk’s Nest tunnel project in West Virginia starts, leading to mass deaths from silicosis",http://lawyersgunsmon.wpengine.com/wp-content/uploads/2016/03/Hawks-Nest-Tunnel.png,https://lawyersgunsmon.wpengine.com/2016/03/this-day-in-labor-history-march-30-1930
175,End of the Civil War,http://lawyersgunsmon.wpengine.com/wp-content/uploads/2016/04/HH-152.jpg,https://lawyersgunsmon.wpengine.com/2016/04/this-day-in-labor-history-april-14-1865
176,FDR orders Montgomery Ward to accept union or face government seizure after it refuses to recognize union ,http://lawyersgunsmon.wpengine.com/wp-content/uploads/2016/04/chi-150carriedout20080819100625.jpg,https://lawyersgunsmon.wpengine.com/2016/04/this-day-in-labor-history-april-27-1944
177,"Land for Drop City purchased, a window into the counterculture and work ",http://lawyersgunsmon.wpengine.com/wp-content/uploads/2016/05/horse.training.jpeg,https://lawyersgunsmon.wpengine.com/2016/05/this-day-in-labor-history-may-3-1965
178,The Johnstown Flood,http://lawyersgunsmon.wpengine.com/wp-content/uploads/2016/05/Johnstown_Main_Street_1889_flood.jpg,https://lawyersgunsmon.wpengine.com/2016/05/this-day-in-labor-history-may-31-1889
179,"Child Labor Amendment passes Senate, sent to states where it is not ratified",http://lawyersgunsmon.wpengine.com/wp-content/uploads/2016/06/childlabor12.jpg,https://lawyersgunsmon.wpengine.com/2016/06/this-day-in-labor-history-june-2-1924
180,"Speculator Mine disaster in Butte, Montana kills 168 workers",http://lawyersgunsmon.wpengine.com/wp-content/uploads/2016/06/Butte_c.1905.jpg,https://lawyersgunsmon.wpengine.com/2016/06/this-day-in-labor-history-june-8-1917
181,Leadville Strike,http://lawyersgunsmon.wpengine.com/wp-content/uploads/2016/06/2_Miners_-_Cripple_Creek__CO.jpg,https://lawyersgunsmon.wpengine.com/2016/06/this-day-in-labor-history-june-22-1896
182,Salem Fire and workplace safety,http://lawyersgunsmon.wpengine.com/wp-content/uploads/2016/06/past-and-present-began-001.jpg,https://lawyersgunsmon.wpengine.com/2016/06/this-day-in-labor-history-june-25-1914
183,"Civil Rights Act of 1964, including Title VII",http://lawyersgunsmon.wpengine.com/wp-content/uploads/2016/07/Lyndon_Johnson_signing_Civil_Rights_Act_July_2_1964.jpg,https://lawyersgunsmon.wpengine.com/2016/07/this-day-in-labor-history-july-2-1964
184,"The Philippine Scouts, Filipino soldiers in the US occupying army of their homeland, strike",http://lawyersgunsmon.wpengine.com/wp-content/uploads/2016/07/Screen-shot-2011-12-09-at-9.17.30-PM.png,https://lawyersgunsmon.wpengine.com/2016/07/this-day-in-labor-history-july-6-1924
185,Bonus Army encampment burned,http://www.lawyersgunsmoneyblog.com/wp-content/uploads/2016/07/Bonus_marchers_05510_2004_001_a.gif,http://www.lawyersgunsmoneyblog.com/2016/07/this-day-in-labor-history-july-28-1932
186,Newark leathermakers lock out employees to destroy the Knights of Labor,http://www.lawyersgunsmoneyblog.com/wp-content/uploads/2016/08/knights-of-labor-hero-H.jpeg,http://www.lawyersgunsmoneyblog.com/2016/08/this-day-in-labor-history-august-13-1887
187,Peterloo Massacre in Manchester,http://www.lawyersgunsmoneyblog.com/wp-content/uploads/2016/08/112144-004-1414AE7B.jpg,http://www.lawyersgunsmoneyblog.com/2016/08/this-day-in-labor-history-august-16-1819
188,Haitian slave revolt begins,http://www.lawyersgunsmoneyblog.com/wp-content/uploads/2016/08/Haitian_revolution.jpg,http://www.lawyersgunsmoneyblog.com/2016/08/this-day-in-labor-history-august-21-1791
189,"Hamlet, North Carolina chicken factory burns, kills 25 workers",null,http://www.lawyersgunsmoneyblog.com/2016/09/this-day-in-labor-history-september-3-1991
190,North Carolina governor calls out National Guard to bust textile strike,http://www.lawyersgunsmoneyblog.com/wp-content/uploads/2016/09/1934-textile-general-strike.jpg,http://www.lawyersgunsmoneyblog.com/2016/09/this-day-in-labor-history-september-5-1934
191,"Avondale Colliery fire, 110 miners die",http://www.lawyersgunsmoneyblog.com/wp-content/uploads/2016/09/Avondale_mine_disaster_dead.jpeg,http://www.lawyersgunsmoneyblog.com/2016/09/this-day-in-labor-history-september-6-1869
192,Farm Labor Organizing Committee signs contract with Mt. Olive Pickles and its contracting farmers ,http://www.lawyersgunsmoneyblog.com/wp-content/uploads/2016/09/MVC-105F.jpg,http://www.lawyersgunsmoneyblog.com/2016/09/this-day-in-labor-history-september-16-2004
193,"Fourth IWW convention begins, Daniel DeLeon’s Socialist Labor Party loses bid to take over organization ",http://www.lawyersgunsmoneyblog.com/wp-content/uploads/2016/09/index2.jpg,http://www.lawyersgunsmoneyblog.com/2016/09/this-day-in-labor-history-september-21-1908
194,"West Coast ports close because of lockout, George W. Bush invokes Taft-Hartley to open them 10 days later",http://www.lawyersgunsmoneyblog.com/wp-content/uploads/2016/09/ILWUprotestinglockout_2002.jpg,http://www.lawyersgunsmoneyblog.com/2016/09/this-day-in-labor-history-september-27-2002
195,"Farmers kill two strikers at Pixley, California",http://www.lawyersgunsmoneyblog.com/wp-content/uploads/2016/10/index.jpg,http://www.lawyersgunsmoneyblog.com/2016/10/this-day-in-labor-history-october-10-1933
196,-Lyon silk weavers revolt ,http://www.lawyersgunsmoneyblog.com/wp-content/uploads/2016/10/Revolte_des_Canuts_-_Lyon_1831_-_1.jpg,http://www.lawyersgunsmoneyblog.com/2016/10/this-day-in-labor-history-october-24-1831
197,President Carter signs the Pregnancy Discrimination Act,http://www.lawyersgunsmoneyblog.com/wp-content/uploads/2016/10/150408102128-09-era-key-players-restricted-super-169.jpg,http://www.lawyersgunsmoneyblog.com/2016/10/this-day-in-labor-history-october-31-1978
198,"U.S. Army occupies South Carolina sea islands, start of Port Royal Experiment",http://www.lawyersgunsmoneyblog.com/wp-content/uploads/2016/11/1862hiltonhead01a.jpg,http://www.lawyersgunsmoneyblog.com/2016/11/this-day-in-labor-history-november-7-1861
199,"United Fruit workers in Colombia go on strike, government responds with massacre",http://www.lawyersgunsmoneyblog.com/wp-content/uploads/2016/11/n18a03-9.jpg,http://www.lawyersgunsmoneyblog.com/2016/11/this-day-in-labor-history-november-12-1928
200,"New York State Education Commissioner reasserts state control over Ocean Hill-Brownsville school district, ends major conflict over the Ocean Hill-Brownsville teachers strike led by Albert Shanker over black community control",http://www.lawyersgunsmoneyblog.com/wp-content/uploads/2016/11/goldstein_otu_img.jpg,http://www.lawyersgunsmoneyblog.com/2016/11/this-day-in-labor-history-november-17-1968
201,opening of Pins and Needles at ILGWU Labor Stage ,http://www.lawyersgunsmoneyblog.com/wp-content/uploads/2016/11/r-ScabsunfairPlayPerformanc.jpeg,http://www.lawyersgunsmoneyblog.com/2016/11/this-day-in-labor-history-november-27-1937
202,Darr Mine fire in Pennsylvania kills 239 workers,http://www.lawyersgunsmoneyblog.com/wp-content/uploads/2016/12/darr1a.gif,http://www.lawyersgunsmoneyblog.com/2016/12/this-day-in-labor-history-december-19-1907
203,Emma Goldman deported,http://www.lawyersgunsmoneyblog.com/wp-content/uploads/2016/12/220px-Emma_Goldman_seated.jpeg,http://www.lawyersgunsmoneyblog.com/2016/12/this-day-in-labor-history-december-21-1919
204,"Hurricane Creek Mine Disaster kills 38 miners near Hyden, Kentucky ",http://www.lawyersgunsmoneyblog.com/wp-content/uploads/2016/12/hurricane_creek_lg.png,http://www.lawyersgunsmoneyblog.com/2016/12/this-day-in-labor-history-december-30-1970
205,"Carl Mackley Homes, housing development created by the Hosiery Workers’ Union, opens in Philadelphia",http://www.lawyersgunsmoneyblog.com/wp-content/uploads/2016/12/mackley1936.jpeg,http://www.lawyersgunsmoneyblog.com/2017/01/this-day-in-labor-history-january-1-1935
206,Oral arguments before SCOTUS conclude in Moyer v. Peabody that state National Guard can imprison citizens without habeas corpus,http://www.lawyersgunsmoneyblog.com/wp-content/uploads/2017/01/Charles-Moyer-Darrow-Collection-e1480699943536.png,http://www.lawyersgunsmoneyblog.com/2017/01/this-day-in-labor-history-january-6-1909
207,Oahu Sugar Strike begins,http://www.lawyersgunsmoneyblog.com/wp-content/uploads/2017/01/Chinese_contract_laborers_on_a_sugar_plantation_in_19th_century_Hawaii.jpeg,http://www.lawyersgunsmoneyblog.com/2017/01/this-day-in-labor-history-january-20-1920
208,Japanese Mexican Labor Association forms,http://www.lawyersgunsmoneyblog.com/wp-content/uploads/2017/02/oxnard03.jpeg,http://www.lawyersgunsmoneyblog.com/2017/02/this-day-in-labor-history-february-11-1903
209,Loco Foco rally leads to Flour Riot,http://www.lawyersgunsmoneyblog.com/wp-content/uploads/2017/02/SpecieClaws.jpeg,http://www.lawyersgunsmoneyblog.com/2017/02/this-day-in-labor-history-february-13-1837
210,Navajo appeal against livestock reduction program,http://www.lawyersgunsmoneyblog.com/wp-content/uploads/2017/02/2523526_orig.jpeg,http://www.lawyersgunsmoneyblog.com/2017/02/this-day-in-labor-history-february-14-1940
211,Norris-LaGuardia Act passes Senate,http://www.lawyersgunsmoneyblog.com/wp-content/uploads/2017/03/288px-labor-age-cartoon-jan1930.jpeg,http://www.lawyersgunsmoneyblog.com/2017/03/this-day-in-labor-history-march-1-1932
212,"Tydings-McDuffie Act signed, granting the Philippines independence because Californians were angry that these workers were marrying white women ",http://www.lawyersgunsmoneyblog.com/wp-content/uploads/2017/03/farmworkers-at-tomato-harvest-1930.jpeg,http://www.lawyersgunsmoneyblog.com/2017/03/day-labor-history-march-24-1934
213,Mexican government arrests and imprisons railroad strike leaders,http://www.lawyersgunsmoneyblog.com/wp-content/uploads/2017/03/3_1958frr_nono.jpeg,http://www.lawyersgunsmoneyblog.com/2017/03/day-labor-history-march-25-1959
214,Julius and Ethel Rosenberg convicted,http://www.lawyersgunsmoneyblog.com/wp-content/uploads/2017/03/B29.jpeg,http://www.lawyersgunsmoneyblog.com/2017/03/day-labor-history-march-29-1951
215,"Loray Mill Strike in Gastonia, North Carolina begins",http://www.lawyersgunsmoneyblog.com/wp-content/uploads/2017/04/Loray-Mill-STRIKE.jpeg,http://www.lawyersgunsmoneyblog.com/2017/04/day-labor-history-april-1-1929
216,Hershey sit-down strike begins,http://www.lawyersgunsmoneyblog.com/wp-content/uploads/2017/04/1-2-113F-25-ExplorePAHistory-a0k7l1-a_349.jpeg,http://www.lawyersgunsmoneyblog.com/2017/04/day-labor-history-april-2-1937
217,"Supreme Court decides Adkins v. Children’s Hospital, striking down federal minimum wage for women",http://www.lawyersgunsmoneyblog.com/wp-content/uploads/2017/04/taft5_photograph.jpeg,http://www.lawyersgunsmoneyblog.com/2017/04/day-labor-history-april-9-1923
218,Florence Kelley begins her work with the National Consumers League,http://www.lawyersgunsmoneyblog.com/wp-content/uploads/2017/04/NCL.jpeg,http://www.lawyersgunsmoneyblog.com/2017/05/day-labor-history-may-1-1899
219,Local 1199 begins hospital workers strike in New York,http://www.lawyersgunsmoneyblog.com/wp-content/uploads/2017/05/21.jpeg,http://www.lawyersgunsmoneyblog.com/2017/05/day-labor-history-may-8-1959
220,Panic of 1837 begins ,http://www.lawyersgunsmoneyblog.com/wp-content/uploads/2017/05/The_times_panic_1837.jpeg,http://www.lawyersgunsmoneyblog.com/2017/05/day-labor-history-may-10-1837
221,"Catharine Beecher, author of Treatise on Domestic Economy, which created ideological framework for modern housework, dies",http://www.lawyersgunsmoneyblog.com/wp-content/uploads/2017/05/beecher.jpeg,http://www.lawyersgunsmoneyblog.com/2017/05/day-labor-history-may-12-1878
222,National Industrial Recovery Act introduced into the House,http://www.lawyersgunsmoneyblog.com/wp-content/uploads/2017/05/NewDealNRA.jpeg,http://www.lawyersgunsmoneyblog.com/2017/05/day-labor-history-may-17-1933
223,Disney cartoonists go on strike,http://www.lawyersgunsmoneyblog.com/wp-content/uploads/2017/05/disneystrike_q.jpeg,http://www.lawyersgunsmoneyblog.com/2017/05/day-labor-history-may-29-1941
224,Slaves executed as part of New York Slave Conspiracy,http://www.lawyersgunsmoneyblog.com/wp-content/uploads/2017/05/nyc_slave_execution_1741.jpeg,http://www.lawyersgunsmoneyblog.com/2017/05/day-labor-history-may-30-1741
225,Civilian Vocational Rehabilitation Act approved by Congress,http://www.lawyersgunsmoneyblog.com/wp-content/uploads/2017/06/i003.jpeg,http://www.lawyersgunsmoneyblog.com/2017/06/day-labor-history-june-2-1920
226,Teamsters for a Democratic Unionism formed,http://www.lawyersgunsmoneyblog.com/wp-content/uploads/2017/06/lg-TDU.jpeg,http://www.lawyersgunsmoneyblog.com/2017/06/day-labor-history-june-5-1976
227,"Workers at Rodolfo Crespi cotton mill in Sao Paulo demand 25 percent wage increase, refusal leads to Sao Paulo general strike",http://www.lawyersgunsmoneyblog.com/wp-content/uploads/2017/06/São_Paulo_Greve_de_1917.jpeg,http://www.lawyersgunsmoneyblog.com/2017/06/day-labor-history-june-10-1917
228,Steel Workers Organizing Committee formed,http://www.lawyersgunsmoneyblog.com/wp-content/uploads/2017/06/index.jpeg,http://www.lawyersgunsmoneyblog.com/2017/06/day-labor-history-june-7-1936
229,Washington Arsenal explosion kills 20 workers,http://www.lawyersgunsmoneyblog.com/wp-content/uploads/2017/06/dc-arsenal-women.png,http://www.lawyersgunsmoneyblog.com/2017/06/day-labor-history-june-17-1864
230,"Three timber workers killed in Eureka, California during Great Strike of 1935",http://www.lawyersgunsmoneyblog.com/wp-content/uploads/2017/06/news1-3.jpg,http://www.lawyersgunsmoneyblog.com/2017/06/day-labor-history-june-21-1935
231,"Ralph Gray, communist and leader of Croppers and Farm Workers Union in Tallapoosa County, AL murdered by white mob",http://www.lawyersgunsmoneyblog.com/wp-content/uploads/2017/07/trowbridge2_1.0-fig01_011-1.jpg,http://www.lawyersgunsmoneyblog.com/2017/07/day-labor-history-july-16-1931
232,Tennessee forces surrender to miners during Coal Creek War to keep convict laborers from competing with miners,http://www.lawyersgunsmoneyblog.com/wp-content/uploads/2017/07/TrenchesAnsweringAttackSMALLER.jpg,http://www.lawyersgunsmoneyblog.com/2017/07/day-labor-history-july-20-1891
233,Alexander Berkman shoots Henry Clay Frick,http://www.lawyersgunsmoneyblog.com/wp-content/uploads/2017/07/c04fd45535c9b8d77ccf4a7a955443fd-alexander-berkman-factory-worker.jpg,http://www.lawyersgunsmoneyblog.com/2017/07/day-labor-history-july-23-1892
234,"Grunwick Strike begins in England, defeat of which started the Thatcherite attack on unions",http://www.lawyersgunsmoneyblog.com/wp-content/uploads/2017/08/20161126_BKP507.jpg,http://www.lawyersgunsmoneyblog.com/2017/08/day-labor-history-august-20-1976
235,NOW leads Women’s Strike for Equality,http://www.lawyersgunsmoneyblog.com/wp-content/uploads/2017/08/strike.jpeg,http://www.lawyersgunsmoneyblog.com/2017/08/day-labor-history-august-26-1970
236,Pittsburgh textile strike begins,http://www.lawyersgunsmoneyblog.com/wp-content/uploads/2017/09/index-2.jpg,http://www.lawyersgunsmoneyblog.com/2017/09/day-labor-history-september-15-1845
237,Panic of 1873 begins ,http://www.lawyersgunsmoneyblog.com/wp-content/uploads/2017/09/101173M.jpg,http://www.lawyersgunsmoneyblog.com/2017/09/day-labor-history-september-18-1873
238,"24 fired women picket the Lindstrom Tool and Toy Company in Bridgeport, CT after they are fired from their wartime jobs because they are women",http://www.lawyersgunsmoneyblog.com/wp-content/uploads/2017/09/douglasaircraft.jpg,http://www.lawyersgunsmoneyblog.com/2017/09/day-labor-history-september-19-1945
239,"Two are killed in Lee County, Arkansas during battle between Colored Farmers Alliance members and other cotton workers",http://www.lawyersgunsmoneyblog.com/wp-content/uploads/2017/09/african-american-men-women-and-children-employed-as-cotton-pickers-in-north-carolina-1900.jpeg,http://www.lawyersgunsmoneyblog.com/2017/09/day-labor-history-september-25-1891
240,"Col. Brice Disque named to lead Spruce Production Division, a government effort to send soldiers to Northwesters forests as loggers and destroy the IWW",http://www.lawyersgunsmoneyblog.com/wp-content/uploads/2017/09/page-14.jpg,http://www.lawyersgunsmoneyblog.com/2017/09/day-labor-history-september-29-1917
241,"Baltimore seamstresses go on strike, discussion of white women workers in the antebellum period",http://www.lawyersgunsmoneyblog.com/wp-content/uploads/2017/09/7995c17f092adfe37e2fe4ac18f152af-victorian-life-work-clothes.jpg,http://www.lawyersgunsmoneyblog.com/2017/10/day-labor-history-october-1-1833
242,Prisoners at Ellis Prison in Texas refuse to pick cotton for no wages,http://www.lawyersgunsmoneyblog.com/wp-content/uploads/2017/10/Prison-slavery-field-lieutenant-with-prisoners-picking-cotton-Cummins-Prison-Farm-in-1975-cy-Marshall-Project.jpg,http://www.lawyersgunsmoneyblog.com/2017/10/day-labor-history-october-4-1978
243,"OSHA fines American Cyanamid $10,000 for coercing women into sterilization, followed by OCAW lawsuit ",http://www.lawyersgunsmoneyblog.com/wp-content/uploads/2017/10/30781.74831.jpg,http://www.lawyersgunsmoneyblog.com/2017/10/day-labor-history-october-11-1979
244,Woodrow Wilson signs the Clayton Act ,http://www.lawyersgunsmoneyblog.com/wp-content/uploads/2017/10/mac_03_img0214.jpg,http://www.lawyersgunsmoneyblog.com/2017/10/day-labor-history-october-15-1914
245,"Amalgamated Clothing and Textile Workers Union forced JP Stevens to sign a contract for the first time in the Carolinas and Alabama, ending 17-year campaign ",http://www.lawyersgunsmoneyblog.com/wp-content/uploads/2017/10/49864099.jpg,http://www.lawyersgunsmoneyblog.com/2017/10/day-labor-history-october-19-1980
246,"AFL-CIO Convention begins that leads to victory of John Sweeney, revitalizing the federation ",http://www.lawyersgunsmoneyblog.com/wp-content/uploads/2017/10/01-AFL-Con-NYC-1995-1835.jpg,http://www.lawyersgunsmoneyblog.com/2017/10/day-labor-history-october-23-1995
247,"Congress approves the Reorganization Acts Amendment that lay the groundwork for the creation of the Environmental Protection Agency, how EPA helps working people. ",http://www.lawyersgunsmoneyblog.com/wp-content/uploads/2017/11/cancer_alley_woman_fishing_with_plants_in_background.jpeg,http://www.lawyersgunsmoneyblog.com/2017/11/day-labor-history-november-8-1970
248,Illinois executed four innocent men for the Haymarket bombing ,http://www.lawyersgunsmoneyblog.com/wp-content/uploads/2017/11/anarchists-haymarket-riot-2.jpg,http://www.lawyersgunsmoneyblog.com/2017/11/day-labor-history-november-11-1887
249,Colorado governor sends militia to crush Cripple Creek strike,http://www.lawyersgunsmoneyblog.com/wp-content/uploads/2017/11/rastall_page_88-1024x770.jpg,http://www.lawyersgunsmoneyblog.com/2017/11/day-labor-history-november-23-1903
250,"Battle in Clearfield County, Pennsylvania over an attempt to break a coal strike, a vision into the early coal mines and miner culture",http://www.lawyersgunsmoneyblog.com/wp-content/uploads/2017/12/487391d8a6fdf79b7ff64961803b7aa7-mining-equipment-coal-mining.jpg,http://www.lawyersgunsmoneyblog.com/2017/12/day-labor-history-december-23-1872
251,"Baptist War in Jamaica, slave rebellion that moves British toward emancipation",http://www.lawyersgunsmoneyblog.com/wp-content/uploads/2017/12/Jamaica-slave-revolt.jpg,http://www.lawyersgunsmoneyblog.com/2017/12/day-labor-history-december-25-1831
252,"Zapatista Rebellion begins in Chiapas, Mexico, timed with the implementation of NAFTA.",http://www.lawyersgunsmoneyblog.com/wp-content/uploads/2018/01/72012587_marcos1.jpg,http://www.lawyersgunsmoneyblog.com/2018/01/day-labor-history-january-1-1994
253,"Augustus Hawkins introduces HR 50, becomes Humphrey-Hawkins Act",http://www.lawyersgunsmoneyblog.com/wp-content/uploads/2018/01/Jesse_Jackson_participating_in_a_rally__January_15__1975-1024x691.jpg,http://www.lawyersgunsmoneyblog.com/2018/01/day-labor-history-january-4-1977
254,"General William Tecumseh Sherman issues Special Field Order No. 15 for freed slaves, giving them 40 acres and a mule",http://www.lawyersgunsmoneyblog.com/wp-content/uploads/2018/01/40-acres-and-a-mule-660x330.jpg,http://www.lawyersgunsmoneyblog.com/2018/01/day-labor-history-january-16-1865
255,Founding of the United Mine Workers of America ,http://www.lawyersgunsmoneyblog.com/wp-content/uploads/2018/01/index-7.jpg,http://www.lawyersgunsmoneyblog.com/2018/01/day-labor-history-january-23-1890
256,"Environmentalists storm the gate of International Paper in Jay, Maine during strike that was dominated by unsafe working conditions and pollution ",http://www.lawyersgunsmoneyblog.com/wp-content/uploads/2018/02/FARjStrikeBennett9P061117-1024x668.jpg,http://www.lawyersgunsmoneyblog.com/2018/02/day-labor-history-february-15-1988
257,US Steel signs first contract with Steel Workers Organizing Committee,http://www.lawyersgunsmoneyblog.com/wp-content/uploads/2018/02/d56e31e13da9e279ef99274773d16b1b.jpg,http://www.lawyersgunsmoneyblog.com/2018/03/day-labor-history-march-2-1937
258,"New York City subway strike begins and James Farley breaks it with record speed, gaining fame as the era’s most notorious strikebreaker",http://www.lawyersgunsmoneyblog.com/wp-content/uploads/2018/03/National_Guard_soldiers_were_called_out_to_guard_Kansas_City_streetcars_in_1918_when_motormen_and_conductors_went_on_strike.jpg,http://www.lawyersgunsmoneyblog.com/2018/03/day-labor-history-march-7-1905
259,"Sao Paulo’s metalworkers strike, with Lula as a leader; over 3 million workers go on strike, a massive challenge to the Brazilian dictatorship",http://www.lawyersgunsmoneyblog.com/wp-content/uploads/2018/03/lulasindicato.jpg,http://www.lawyersgunsmoneyblog.com/2018/03/day-labor-history-march-10-1979
260,Luddite movement begins in England,http://www.lawyersgunsmoneyblog.com/wp-content/uploads/2018/03/luddites-podcast.png,http://www.lawyersgunsmoneyblog.com/2018/03/day-labor-history-march-11-1811
261,Soviet military forces crush Kronstadt Rebellion,http://www.lawyersgunsmoneyblog.com/wp-content/uploads/2018/03/kronstadt-1024x698.jpg,http://www.lawyersgunsmoneyblog.com/2018/03/day-labor-history-march-17-1921
262,"Supreme Court decides UAW v. Johnson Controls, ruling that a company banning women from working in hazardous jobs was a discriminatory act",http://www.lawyersgunsmoneyblog.com/wp-content/uploads/2018/03/1200px-Johnson_Controls.svg_-1024x471.png,http://www.lawyersgunsmoneyblog.com/2018/03/day-labor-history-march-20-1991
263,"Supreme Court decided the case of West Coast Hotel Company v. Parrish, upholding the constitutionality of state minimum wage laws",http://www.lawyersgunsmoneyblog.com/wp-content/uploads/2018/03/elsie.jpg,http://www.lawyersgunsmoneyblog.com/2018/03/day-labor-history-march-29-1937
264,Arguments begin in NLRB v. Mackay Radio & Telegraph Company,http://www.lawyersgunsmoneyblog.com/wp-content/uploads/2018/04/554577_10150799145680998_21105385_n.jpg,http://www.lawyersgunsmoneyblog.com/2018/04/day-labor-history-april-5-1938
265,New York slave revolt of 1712,http://www.lawyersgunsmoneyblog.com/wp-content/uploads/2018/04/Slave-revolt-in-New-York-1712-600x400.jpg,http://www.lawyersgunsmoneyblog.com/2018/04/day-labor-history-april-6-1712
266,"Texas City disaster kills at least 581 people, the largest workplace disaster in American history ",http://www.lawyersgunsmoneyblog.com/wp-content/uploads/2018/04/1200px-Txcitydisasterboat-1024x784.jpg,http://www.lawyersgunsmoneyblog.com/2018/04/day-labor-history-april-16-1947
267,"Juan de Villarroel files the first mining claim at Potosí, Bolivia, beginning a long history of exploitation of indigenous labor there",http://www.lawyersgunsmoneyblog.com/wp-content/uploads/2018/04/cities-history-potosi-f7b3aabe.png,http://www.lawyersgunsmoneyblog.com/2018/04/day-labor-history-april-21-1545
268,FDR authorizes seizure of coal mines after UMWA refuses National War Labor Board arbitration,http://www.lawyersgunsmoneyblog.com/wp-content/uploads/2018/04/43062406.gif,http://www.lawyersgunsmoneyblog.com/2018/05/day-labor-history-may-1-1943
269,Abolition of slavery in Brazil,http://www.lawyersgunsmoneyblog.com/wp-content/uploads/2018/05/slavery-exhibit-2_wide-5e165614be4c5a1ac566b710a0c91b416ab93cda-s1500-c85-1024x575.jpg,http://www.lawyersgunsmoneyblog.com/2018/05/day-labor-history-may-13-1888
270,Treaty of Detroit between GM and the United Auto Workers ,http://www.lawyersgunsmoneyblog.com/wp-content/uploads/2018/05/lefevre_1950_GM_small.jpg,http://www.lawyersgunsmoneyblog.com/2018/05/day-labor-history-may-23-1950
271,"UFW comes to agreement with the Bruce Church lettuce company, ending 17-year boycott",http://www.lawyersgunsmoneyblog.com/wp-content/uploads/2018/05/3f2caef0f515ae9b64af70b33ab3cfd0-mexican-american-american-history.jpg,http://www.lawyersgunsmoneyblog.com/2018/05/day-labor-history-may-29-1996
272,Massachusetts establishes its minimum wage commission to create the nation’s first minimum wage ,http://www.lawyersgunsmoneyblog.com/wp-content/uploads/2018/06/HT_04_01_2013_011_min_wage_hb_160411_4x3_992.jpg,http://www.lawyersgunsmoneyblog.com/2018/06/day-labor-history-june-4-1912
273,16 workers at Memphis’ Buckeye Cotton Oil Company go on wildcat strike for discrimination on job,http://www.lawyersgunsmoneyblog.com/wp-content/uploads/2018/06/African_Am_aircraft_factory_WWII_dbloc_adj.gif,http://www.lawyersgunsmoneyblog.com/2018/06/day-labor-history-june-7-1943
274,Congress passes Espionage Act,http://www.lawyersgunsmoneyblog.com/wp-content/uploads/2018/06/hqdefault.jpg,http://www.lawyersgunsmoneyblog.com/2018/06/day-labor-history-june-15-1917
275,Flight attendants win lawsuit against United Airlines for firing them after getting married as far back as the 60s,http://www.lawyersgunsmoneyblog.com/wp-content/uploads/2018/07/9b66ef85d816344c45f3ead34c475988.jpg,http://www.lawyersgunsmoneyblog.com/2018/07/day-labor-history-july-10-1986
276,"Workers at Nissan plant in Smyrna, TN reject UAW representation by 2:1 margin",http://www.lawyersgunsmoneyblog.com/wp-content/uploads/2018/07/241189_360W.png,http://www.lawyersgunsmoneyblog.com/2018/07/day-labor-history-july-27-1989
277,"Frances Perkins speech at Homestead, PA when she is cut off by Homestead government",http://www.lawyersgunsmoneyblog.com/wp-content/uploads/2018/07/Frances-Perkins-at-Desk-2.jpg,http://www.lawyersgunsmoneyblog.com/2018/07/day-labor-history-july-28-1933
278,Family and Medical Leave Act goes into effect,http://www.lawyersgunsmoneyblog.com/wp-content/uploads/2018/08/banner_clinton_Greg-Gibson.jpg,http://www.lawyersgunsmoneyblog.com/2018/08/day-labor-history-august-5-1993
279,London Great Dock Strike begins ,http://www.lawyersgunsmoneyblog.com/wp-content/uploads/2018/08/08.27-dockers-strike-march.jpg,http://www.lawyersgunsmoneyblog.com/2018/08/day-labor-history-august-14-1889
280,New York City theater owners and actors sign agreement ending strike over bad conditions,http://www.lawyersgunsmoneyblog.com/wp-content/uploads/2018/09/Actors-Equity-1919-strike.jpg,http://www.lawyersgunsmoneyblog.com/2018/09/day-labor-history-september-6-1919
281,"workers return to work after victory in IWW-led Pressed Steel Car Company strike at McKees Rocks, Pennsylvania ",http://www.lawyersgunsmoneyblog.com/wp-content/uploads/2018/09/Evicting_Striking_Worker_Families_from_Homes.jpg,http://www.lawyersgunsmoneyblog.com/2018/09/day-labor-history-september-8-1909
282,AFL-CIO Solidarity Day to protest Reagan,http://www.lawyersgunsmoneyblog.com/wp-content/uploads/2018/09/solidarity_march_1981.jpg,http://www.lawyersgunsmoneyblog.com/2018/09/day-labor-history-september-19-1981
283,"T.A. Gillespie Shell Loading Plant near Sayreville, New Jersey exploded, killing approximately 100 workers",http://www.lawyersgunsmoneyblog.com/wp-content/uploads/2018/10/GillespieExplosion.jpg,http://www.lawyersgunsmoneyblog.com/2018/10/day-labor-history-october-4-1918
284,"Workers at Brown and Sharpe factory in North Kingston, Rhode Island begin the longest strike in American history ",http://www.lawyersgunsmoneyblog.com/wp-content/uploads/2018/10/116998-797x1024.jpg,http://www.lawyersgunsmoneyblog.com/2018/10/day-labor-history-october-18-1981
285,"Katsu Goto, a Japanese organizer in Hawaii, is murdered",http://www.lawyersgunsmoneyblog.com/wp-content/uploads/2018/10/index.jpg,http://www.lawyersgunsmoneyblog.com/2018/10/day-labor-history-october-29-1889
286,"Sit-down strike at Hormel plant in Austin, Minnesota begins",http://www.lawyersgunsmoneyblog.com/wp-content/uploads/2018/11/a27-1934-horm-480.jpg,http://www.lawyersgunsmoneyblog.com/2018/11/day-labor-history-november-10-1933
287,New Orleans general strike ends,http://www.lawyersgunsmoneyblog.com/wp-content/uploads/2018/11/new-orleans-general-strike-1892-300x217.jpg,http://www.lawyersgunsmoneyblog.com/2018/11/day-labor-history-november-12-1892
288,Columbine Massacre in Colorado coal strike,http://www.lawyersgunsmoneyblog.com/wp-content/uploads/2018/11/columbine.jpg,http://www.lawyersgunsmoneyblog.com/2018/11/day-labor-history-november-21-1927
289,"Ybor City cigar manufactures ban reading in the factories, leading to strikes ",http://www.lawyersgunsmoneyblog.com/wp-content/uploads/2018/11/440px-Lector_reading_at_Cuesta-Rey_Cigar_Company_-_Tampa_Florida_1929.jpg,http://www.lawyersgunsmoneyblog.com/2018/11/day-labor-history-november-26-1931
290,House passed what becomes Employment Act of 1946,http://www.lawyersgunsmoneyblog.com/wp-content/uploads/2018/12/Administrative_Act_1946.jpg,http://www.lawyersgunsmoneyblog.com/2018/12/day-labor-history-december-14-1945
291,Kansas National Guard breaks up women’s marches to support coal strike,http://www.lawyersgunsmoneyblog.com/wp-content/uploads/2018/12/01.jpg,http://www.lawyersgunsmoneyblog.com/2018/12/day-labor-history-december-15-1921
292,"400 women in Dover, NH go on strike in their mill, possibly first all-female strike in American history ",http://www.lawyersgunsmoneyblog.com/wp-content/uploads/2018/12/mill_workers.jpg,http://www.lawyersgunsmoneyblog.com/2018/12/day-labor-history-december-30-1828
293,Sharecropper contract signed between landowner Isham Bailey and freedmen ,http://www.lawyersgunsmoneyblog.com/wp-content/uploads/2018/12/04522.11p1_1.jpg,http://www.lawyersgunsmoneyblog.com/2019/01/day-labor-history-january-1-1867
294,strike of electrical workers in Saigon just before the Tet Offensive shows the weakness of the South Vietnamese government ,http://www.lawyersgunsmoneyblog.com/wp-content/uploads/2019/01/index-2.jpg,http://www.lawyersgunsmoneyblog.com/2019/01/day-labor-history-january-11-1968
295,"Lucy Parsons leads an unemployed march of 10,000 in Chicago ",http://www.lawyersgunsmoneyblog.com/wp-content/uploads/2019/01/961px-Lucy.Parsons.1915.arrest-822x1024.jpg,http://www.lawyersgunsmoneyblog.com/2019/01/day-labor-history-january-17-1915
296,"Spanish troops begin their attack on Acoma Pueblo, window into labor relations in colonial New Mexico ",http://www.lawyersgunsmoneyblog.com/wp-content/uploads/2019/01/Acoma_New_Mexico_1846_-_1847.jpg,http://www.lawyersgunsmoneyblog.com/2019/01/day-labor-history-january-22-1599
297,The Senate failed to gain cloture on an attempt to appeal Section 14(b) of the Taft-Hartley Act,http://www.lawyersgunsmoneyblog.com/wp-content/uploads/2018/07/taft-hartley.jpg,http://www.lawyersgunsmoneyblog.com/2019/02/day-labor-history-february-10-1966
298,"Hoedads working in Oregon poisoned, countercultural reforestation labor",http://www.lawyersgunsmoneyblog.com/wp-content/uploads/2019/02/1.jpg,http://www.lawyersgunsmoneyblog.com/2019/02/day-labor-history-february-11-1978
299,The Panic of 1893 begins when the Philadelphia and Reading Railroad goes bankrupt,http://www.lawyersgunsmoneyblog.com/wp-content/uploads/2019/02/pani1893-1024x685.jpg,http://www.lawyersgunsmoneyblog.com/2019/02/day-labor-history-february-20-1893
300,"Shoemakers in Lynn, Massachusetts begin the nation’s largest strike before the Civil War ",http://www.lawyersgunsmoneyblog.com/wp-content/uploads/2019/02/Lynn-strike-1860.jpg,http://www.lawyersgunsmoneyblog.com/2019/02/day-labor-history-february-22-1860
301,Agricultural Workers Organizing Committee is created ,http://www.lawyersgunsmoneyblog.com/wp-content/uploads/2019/02/256.preview.jpg,http://www.lawyersgunsmoneyblog.com/2019/02/day-labor-history-february-23-1959
302,The workplace health and safety reformer Alice Hamilton is born,http://www.lawyersgunsmoneyblog.com/wp-content/uploads/2019/02/137.jpg,http://www.lawyersgunsmoneyblog.com/2019/02/day-labor-history-february-27-1869
303,CA farmworker march from Delano to Sacramento,http://www.lawyersgunsmoneyblog.com/wp-content/uploads/2019/03/index.jpg,http://www.lawyersgunsmoneyblog.com/2019/03/this-day-in-labor-history-march-17-1966
304,California passes An Act for the Suppression of Chinese Houses of Ill Fame,http://www.lawyersgunsmoneyblog.com/wp-content/uploads/2019/03/old-chinatown-san-francisco-chinese-lady.jpg,http://www.lawyersgunsmoneyblog.com/2019/03/day-labor-history-march-21-1866
305,"Textile Workers Union v. Darlington Manufacturing decided, case that limits collective bargaining over plant closures to effects from a single plant closing",http://www.lawyersgunsmoneyblog.com/wp-content/uploads/2019/03/f7bfa20bcd12bc0655f87d4f9b35fc3c.jpg,http://www.lawyersgunsmoneyblog.com/2019/03/day-labor-history-march-29-1965
306,U.S. President Martin Van Buren issues an Executive Order ordering the 10 Hour Day on federal projects,http://www.lawyersgunsmoneyblog.com/wp-content/uploads/2019/03/10hour-420.png,http://www.lawyersgunsmoneyblog.com/2019/03/day-labor-history-march-31-1840
307,West Virginia Mine War of 1912 begins,null,http://www.lawyersgunsmoneyblog.com/2019/04/this-day-in-labor-history-april-18-1912
308,"Furniture workers go on strike in Grand Rapids, many over the objections of their churches",null,http://www.lawyersgunsmoneyblog.com/2019/04/this-day-in-labor-history-april-19-1911
309,"USWA men beat Mine, Mill president Maurice Travis, costing him an eye",null,http://www.lawyersgunsmoneyblog.com/2019/04/this-day-in-labor-history-april-20-1949
310,Chicago 8-hour day strike,null,http://www.lawyersgunsmoneyblog.com/2019/05/this-day-in-labor-history-may-1-1867
311,Milwaukee police kill 7 workers during 8-hour day strike,null,http://www.lawyersgunsmoneyblog.com/2019/05/this-day-in-labor-history-may-5-1886
312,Maraka noble killed by slave in Mali as part of slave exodus in region,null,http://www.lawyersgunsmoneyblog.com/2019/05/this-day-in-labor-history-may-15-1905
313,Jury finds for Karen Silkwood’s estate over her murder five years earlier,null,http://www.lawyersgunsmoneyblog.com/2019/05/this-day-in-labor-history-may-18-1979
314,Supreme Court overrules Keating-Owen Child Labor Act in Hammer v. Dagenhart,null,http://www.lawyersgunsmoneyblog.com/2019/06/this-day-in-labor-history-june-3-1918
315,Greenback Party convention nominates presidential candidates,null,http://www.lawyersgunsmoneyblog.com/2019/06/this-day-in-labor-history-june-9-1880
316,Case against laborers in England over wages after Black Death,null,http://www.lawyersgunsmoneyblog.com/2019/06/this-day-in-labor-history-june-11-1352
317,Winnipeg General Strike ends,null,http://www.lawyersgunsmoneyblog.com/2019/06/this-day-in-labor-history-june-25-1919
318,Alabama stops leasing of convicts to mine coal,null,http://www.lawyersgunsmoneyblog.com/2019/06/this-day-in-labor-history-june-30-1928
319,Streetcar workers in New Orleans go on strike,null,http://www.lawyersgunsmoneyblog.com/2019/07/this-day-in-labor-history-july-1-1929
320,Denver smelter strike and the creation of the foundational principles of the IWW,null,http://www.lawyersgunsmoneyblog.com/2019/07/this-day-in-labor-history-july-3-1903
321,end of first black Chicago bus drivers wildcat strike infused with Black Power politics,null,http://www.lawyersgunsmoneyblog.com/2019/07/this-day-in-labor-history-july-6-1968
322,"Raid on sweatshop in El Monte, California uncovers 72 Thai workers in slave labor conditions",null,http://www.lawyersgunsmoneyblog.com/2019/08/this-day-in-labor-history-august-2-1995
323,Worker fired that leads to Solidarity movement in Poland,null,http://www.lawyersgunsmoneyblog.com/2019/08/this-day-in-labor-history-august-7-1980
324,International Longshore and Warehouse Union (ILWU) created,null,http://www.lawyersgunsmoneyblog.com/2019/08/this-day-in-labor-history-august-11-1937
325,South African mineworkers strike,null,http://www.lawyersgunsmoneyblog.com/2019/08/this-day-in-labor-history-august-12-1946
326,planned date for Gabriel’s Rebellion,null,http://www.lawyersgunsmoneyblog.com/2019/08/this-day-in-labor-history-august-30-1800
327,Brotherhood of the Union founded,null,http://www.lawyersgunsmoneyblog.com/2019/09/this-day-in-labor-history-september-1-1849
328,Election of Allende and impact on Chilean labor,null,http://www.lawyersgunsmoneyblog.com/2019/09/this-day-in-labor-history-september-4-1970
329,Watsonville Cannery Strike begins,null,http://www.lawyersgunsmoneyblog.com/2019/09/this-day-in-labor-history-september-9-1985
330,Gray Davis signs first paid family leave law in US,null,http://www.lawyersgunsmoneyblog.com/2019/09/this-day-in-labor-history-september-23-2002
331,Bread riot in Fall River as striking textile workers forced to return to work,null,http://www.lawyersgunsmoneyblog.com/2019/09/this-day-in-labor-history-september-27-1875
332,Battle of Virden,null,http://www.lawyersgunsmoneyblog.com/2019/10/this-day-in-labor-history-october-12-1898
333,RICO Act becomes effective,null,http://www.lawyersgunsmoneyblog.com/2019/10/this-day-in-labor-history-october-15-1970
334,First of five workers die at Standard Oil’s Bayway TEL works from lead exposure in making leaded gasoline,null,http://www.lawyersgunsmoneyblog.com/2019/10/this-day-in-labor-history-october-26-1924
335,"Operation Breadbasket, SCLC attempt to boycott businesses that don’t hire African-Americans",null,http://www.lawyersgunsmoneyblog.com/2019/10/this-day-in-labor-history-october-29-1962
336,"Jeon Tae-Il, a Korean sweatshop worker, burns himself to death in protest over the sweatshop conditions of he and his fellow workers",null,http://www.lawyersgunsmoneyblog.com/2019/11/this-day-in-labor-history-october-13-1970
337,-Cuban cigar workers strike in Tampa collapses,null,http://www.lawyersgunsmoneyblog.com/2019/11/this-day-in-labor-history-november-28-1901
338,John Henry taken from Richmond prison to blast railroad tunnel,null,http://www.lawyersgunsmoneyblog.com/2019/12/this-day-in-labor-history-december-1-1868
339,Monongah Mining Disaster in West Virginia kills at least 362 workers,null,http://www.lawyersgunsmoneyblog.com/2019/12/this-day-in-labor-history-december-6-1907
340,Teamsters expelled from AFL-CIO,null,http://www.lawyersgunsmoneyblog.com/2019/12/this-day-in-labor-history-december-12-1957
341,"Farmers converge on England, Arkansas to demand poverty relief, leads to Will Rogers poverty tour",null,http://www.lawyersgunsmoneyblog.com/2020/01/this-day-in-labor-history-january-3-1931
342,"Durban, South Africa wildcat strikes that was first significant unrest since sentencing of Mandela in 1964",null,http://www.lawyersgunsmoneyblog.com/2020/01/this-day-in-labor-history-january-9-1973
343,NYC transit strike led by Mike Quill ends,null,http://www.lawyersgunsmoneyblog.com/2020/01/this-day-in-labor-history-january-13-1966
344,Brooklyn trolley strike starts,null,http://www.lawyersgunsmoneyblog.com/2020/01/this-day-in-labor-history-january-14-1895
345,Allis-Chalmers strike,null,http://www.lawyersgunsmoneyblog.com/2020/01/this-day-in-labor-history-january-21-1941
346,,null,https://www.addtoany.com/add_to/facebook?linkurl=http%3A%2F%2Fwww.lawyersgunsmoneyblog.com%2F2012%2F07%2Fthis-day-in-labor-history-a-years-retrospective&linkname=This%20Day%20in%20Labor%20History%3A%20A%20Digest
347,,null,https://www.addtoany.com/add_to/twitter?linkurl=http%3A%2F%2Fwww.lawyersgunsmoneyblog.com%2F2012%2F07%2Fthis-day-in-labor-history-a-years-retrospective&linkname=This%20Day%20in%20Labor%20History%3A%20A%20Digest
348,,null,https://www.addtoany.com/add_to/google_plus?linkurl=http%3A%2F%2Fwww.lawyersgunsmoneyblog.com%2F2012%2F07%2Fthis-day-in-labor-history-a-years-retrospective&linkname=This%20Day%20in%20Labor%20History%3A%20A%20Digest
349,Share,null,https://www.addtoany.com/share_save
350,This Day in Labor History,null,http://www.lawyersgunsmoneyblog.com/tag/this-day-in-labor-history
